PLAYER,TEAM,AGE,GP,W,L,MIN,PTS,FGM,FGA,FG%,3PM,3PA,3P%,FTM,FTA,FT%,OREB,DREB,REB,AST,TOV,STL,BLK,PF,FP,DD2,TD3,+/-,
Yogi Ferrell,SAC,25,1,0,1,20.7,5,1,4,25,1,3,33.3,2,2,100,0,4,4,1,2,1,0,3,12.3,0,0,-10,
Wilson Chandler,PHI,31,1,1,0,14.1,2,0,2,0,0,2,0,2,2,100,1,4,5,0,0,0,0,1,8,0,0,-3,
Willy Hernangomez,CHA,24,1,0,1,12.8,1,0,5,0,0,1,0,1,2,50,2,2,4,1,0,1,0,1,10.3,0,0,-12,
Willie Cauley-Stein,SAC,25,1,0,1,18.2,3,1,9,11.1,0,0,0,1,2,50,2,3,5,3,1,0,1,2,15.5,0,0,-7,
Wesley Johnson,NOP,31,1,1,0,24.4,6,2,3,66.7,2,3,66.7,0,0,0,1,5,6,2,0,0,0,1,16.2,0,0,-1,
Wes Iwundu,ORL,23,1,1,0,20.1,0,0,2,0,0,2,0,0,0,0,0,0,0,1,1,0,2,3,6.5,0,0,4,
Wendell Carter Jr.,CHI,19,1,0,1,22.3,8,2,8,25,0,1,0,4,4,100,2,3,5,3,1,0,1,2,20.5,0,0,-20,
Vince Carter,ATL,41,1,0,1,16.2,7,2,8,25,2,5,40,1,2,50,0,4,4,0,0,1,0,2,14.8,0,0,-12,
Victor Oladipo,IND,26,1,1,0,4.6,2,0,1,0,0,0,0,2,2,100,0,2,2,1,1,0,0,0,4.9,0,0,2,
Tyson Chandler,LAL,36,1,0,1,17.4,2,1,1,100,0,0,0,0,0,0,0,3,3,0,1,0,0,1,4.6,0,0,-12,
Tyrone Wallace,LAC,24,1,1,0,9.9,6,3,9,33.3,0,2,0,0,0,0,1,0,1,0,0,1,0,1,10.2,0,0,-4,
Tyreke Evans,IND,29,1,1,0,24.4,11,4,12,33.3,2,7,28.6,1,2,50,0,2,2,0,3,1,0,1,13.4,0,0,-7,
Tyler Dorsey,ATL,22,1,0,1,14.4,0,0,3,0,0,1,0,0,0,0,0,2,2,0,1,1,0,0,4.4,0,0,-9,
Troy Williams,SAC,23,1,0,1,14.9,4,2,5,40,0,2,0,0,0,0,0,1,1,0,0,1,0,1,8.2,0,0,3,
Trey Lyles,DEN,23,1,0,1,20.3,7,3,9,33.3,1,4,25,0,2,0,1,3,4,1,2,0,0,4,11.3,0,0,-7,
Trae Young,ATL,20,1,0,1,23.7,9,3,11,27.3,0,5,0,3,4,75,0,1,1,4,3,1,0,2,16.2,0,0,-14,
Tony Parker,CHA,36,1,0,1,15.3,2,1,4,25,0,0,0,0,0,0,0,3,3,5,1,0,0,0,12.1,0,0,-4,
Tobias Harris,LAC,26,1,1,0,36.5,27,11,17,64.7,2,4,50,3,4,75,0,8,8,3,3,0,0,4,38.1,0,0,11,
Timothe Luwawu-Cabarrot,OKC,23,1,1,0,25.1,12,4,8,50,1,3,33.3,3,3,100,1,3,4,1,1,0,0,4,17.3,0,0,-4,
Thaddeus Young,IND,30,1,1,0,26.7,11,4,11,36.4,0,1,0,3,5,60,2,5,7,2,0,0,0,4,22.4,0,0,11,
Terry Rozier,BOS,24,1,0,1,20.9,4,2,9,22.2,0,6,0,0,3,0,1,6,7,3,1,0,0,1,15.9,0,0,4,
Terrence Ross,ORL,27,1,1,0,16.3,13,4,5,80,2,2,100,3,3,100,0,2,2,0,2,0,0,5,13.4,0,0,9,
TJ Leaf,IND,21,1,1,0,3.8,0,0,0,0,0,0,0,0,0,0,0,0,0,1,0,1,1,1,7.5,0,0,-7,
T.J. Warren,PHX,25,1,0,1,40.5,23,10,19,52.6,2,4,50,1,2,50,1,4,5,1,2,1,1,3,34.5,0,0,-8,
Svi Mykhailiuk,LAL,21,1,0,1,10.5,8,2,3,66.7,2,3,66.7,2,2,100,0,0,0,0,0,0,0,1,8,0,0,5,
Steven Adams,OKC,25,1,1,0,36.5,26,11,15,73.3,0,0,0,4,5,80,5,5,10,0,3,1,0,5,38,1,0,-2,
Spencer Dinwiddie,BKN,25,1,0,1,27.8,11,3,16,18.8,1,6,16.7,4,6,66.7,2,2,4,7,4,0,0,6,22.3,0,0,-19,
Skal Labissiere,SAC,22,1,0,1,6.9,2,1,3,33.3,0,0,0,0,0,0,0,1,1,0,1,1,1,2,8.2,0,0,-1,
Sindarius Thornwell,LAC,24,1,1,0,11,2,1,2,50,0,0,0,0,0,0,0,1,1,0,0,0,0,3,3.2,0,0,-3,
Shaun Livingston,GSW,33,1,0,1,19.7,12,5,9,55.6,0,0,0,2,2,100,1,3,4,4,0,0,1,1,25.8,0,0,8,
Shaquille Harrison,CHI,25,1,0,1,27.2,7,1,7,14.3,0,2,0,5,8,62.5,0,4,4,6,3,5,0,3,32.8,0,0,-19,
Shai Gilgeous-Alexander,LAC,20,1,1,0,20,4,2,9,22.2,0,1,0,0,0,0,0,2,2,2,1,0,0,5,8.4,0,0,-10,
Shabazz Napier,BKN,27,1,0,1,12.8,1,0,4,0,0,1,0,1,2,50,0,0,0,0,3,0,1,1,1,0,0,-2,
Serge Ibaka,TOR,29,1,1,0,22.8,16,6,13,46.2,0,1,0,4,4,100,0,4,4,1,2,2,4,2,38.3,0,0,24,
Semi Ojeleye,BOS,23,1,0,1,12,2,1,3,33.3,0,2,0,0,0,0,1,1,2,0,0,1,0,0,7.4,0,0,3,
Ryan Arcidiacono,CHI,24,1,0,1,30.8,6,2,7,28.6,2,6,33.3,0,0,0,0,2,2,3,1,0,0,3,11.9,0,0,-22,
Rudy Gobert,UTA,26,1,1,0,30.8,12,4,5,80,0,0,0,4,6,66.7,4,5,9,3,1,2,1,3,35.3,0,0,16,
Royce O'Neale,UTA,25,1,1,0,19.5,3,1,4,25,1,3,33.3,0,0,0,1,6,7,0,2,0,1,3,12.4,0,0,0,
Rondae Hollis-Jefferson,BKN,23,1,0,1,12.2,8,2,6,33.3,0,1,0,4,6,66.7,2,2,4,0,1,1,0,1,14.8,0,0,-1,
Robin Lopez,CHI,30,1,0,1,14.5,9,4,6,66.7,1,1,100,0,2,0,0,0,0,0,2,1,0,2,10,0,0,-18,
Ricky Rubio,UTA,28,1,1,0,28.3,20,6,13,46.2,2,4,50,6,7,85.7,0,4,4,2,1,3,0,2,35.8,0,0,14,
Richaun Holmes,PHX,25,1,0,1,12.4,4,1,1,100,0,0,0,2,4,50,1,4,5,0,0,0,2,2,16,0,0,-13,
Raymond Felton,OKC,34,1,1,0,13.5,2,1,5,20,0,2,0,0,0,0,0,1,1,3,2,0,0,1,5.7,0,0,1,
Quinn Cook,GSW,25,1,0,1,21.6,15,6,10,60,3,5,60,0,0,0,0,2,2,3,1,1,0,5,23.9,0,0,7,
Paul Millsap,DEN,33,1,0,1,21.8,7,3,8,37.5,0,3,0,1,3,33.3,1,0,1,3,1,0,2,3,17.7,0,0,-2,
Paul George,OKC,28,1,1,0,40,32,9,22,40.9,3,10,30,11,11,100,1,10,11,2,5,3,3,2,61.2,1,0,12,
Patrick Patterson,OKC,29,1,1,0,15.6,4,1,5,20,1,3,33.3,1,2,50,1,2,3,0,0,0,0,0,7.6,0,0,-4,
Patrick Beverley,LAC,30,1,1,0,33.3,6,2,6,33.3,2,4,50,0,0,0,0,0,0,8,0,1,0,3,21,0,0,5,
Pascal Siakam,TOR,24,1,1,0,29.2,12,4,10,40,0,2,0,4,4,100,1,7,8,5,1,1,1,2,34.1,0,0,30,
PJ Tucker,HOU,33,1,1,0,29.6,9,4,9,44.4,1,5,20,0,0,0,1,7,8,0,4,1,0,2,17.6,0,0,19,
Omari Spellman,ATL,21,1,0,1,12.4,2,1,3,33.3,0,0,0,0,2,0,1,1,2,0,0,2,0,2,10.4,0,0,-13,
Nikola Vucevic,ORL,28,1,1,0,31.4,36,15,23,65.2,2,5,40,4,5,80,4,9,13,0,3,2,0,1,54.6,1,0,12,
Nikola Mirotic,NOP,27,1,1,0,33.8,20,6,12,50,3,7,42.9,5,5,100,0,10,10,2,1,0,3,2,43,1,0,14,
Nikola Jokic,DEN,23,1,0,1,34.1,25,10,20,50,2,8,25,3,4,75,3,7,10,8,1,1,0,2,51,1,0,-11,
Nicolas Batum,CHA,29,1,0,1,19,0,0,4,0,0,1,0,0,0,0,1,0,1,4,1,1,1,0,12.2,0,0,-9,
Nerlens Noel,OKC,24,1,1,0,11.5,4,2,4,50,0,0,0,0,0,0,2,4,6,0,1,1,2,2,19.2,0,0,12,
Nemanja Bjelica,SAC,30,1,0,1,13.8,2,1,3,33.3,0,2,0,0,0,0,0,1,1,0,0,0,0,2,3.2,0,0,-15,
Myles Turner,IND,22,1,1,0,24.7,10,4,12,33.3,2,4,50,0,2,0,2,9,11,2,3,0,3,2,32.2,1,0,13,
Moritz Wagner,LAL,21,1,0,1,2.1,0,0,1,0,0,1,0,0,0,0,0,0,0,0,0,0,0,0,0,0,0,2,
Montrezl Harrell,LAC,24,1,1,0,27.2,16,7,10,70,0,0,0,2,4,50,4,6,10,1,0,0,1,1,32.5,1,0,9,
Monte Morris,DEN,23,1,0,1,34.2,13,6,7,85.7,1,1,100,0,0,0,0,3,3,5,2,0,0,1,22.1,0,0,1,
Mo Bamba,ORL,20,1,1,0,14.9,8,3,6,50,0,3,0,2,2,100,0,1,1,1,1,0,1,3,12.7,0,0,3,
Miles Bridges,CHA,20,1,0,1,26.2,9,4,6,66.7,1,1,100,0,0,0,0,4,4,1,3,1,1,4,18.3,0,0,3,
Mike Scott,LAC,30,1,1,0,20.2,9,3,6,50,1,1,100,2,2,100,0,4,4,2,0,0,0,2,16.8,0,0,5,
Mike Muscala,PHI,27,1,1,0,36.8,6,2,8,25,1,6,16.7,1,1,100,0,6,6,2,2,2,0,3,20.2,0,0,15,
Mikal Bridges,PHX,22,1,0,1,30.5,14,4,7,57.1,3,5,60,3,3,100,0,2,2,2,2,4,2,6,35.4,0,0,-13,
Michael Carter-Williams,HOU,27,1,1,0,2,0,0,0,0,0,0,0,0,0,0,0,0,0,1,0,1,0,1,4.5,0,0,-1,
Michael Beasley,LAL,29,1,0,1,9.1,7,3,6,50,0,1,0,1,1,100,1,0,1,0,0,1,0,4,11.2,0,0,5,
Maxi Kleber,DAL,26,1,1,0,12.2,0,0,2,0,0,2,0,0,0,0,0,0,0,1,0,0,2,0,7.5,0,0,-16,
Mason Plumlee,DEN,28,1,0,1,12.9,4,2,4,50,0,0,0,0,0,0,1,4,5,1,1,3,1,4,22.5,0,0,-3,
Marvin Williams,CHA,32,1,0,1,26.7,4,1,3,33.3,1,2,50,1,2,50,1,4,5,1,1,0,1,6,13.5,0,0,-6,
Marvin Bagley III,SAC,19,1,0,1,27.3,16,7,10,70,0,1,0,2,3,66.7,3,5,8,1,2,0,1,1,28.1,0,0,-15,
Marquese Chriss,HOU,21,1,1,0,3.4,2,1,2,50,0,1,0,0,0,0,0,0,0,0,1,0,1,1,4,0,0,-3,
Markelle Fultz,PHI,20,1,1,0,19.1,6,3,6,50,0,0,0,0,0,0,2,4,6,1,3,1,1,4,17.7,0,0,1,
Marcus Smart,BOS,24,1,0,1,16.6,5,2,4,50,0,1,0,1,1,100,0,2,2,3,1,1,1,2,16.9,0,0,-13,
Marcus Morris,BOS,29,1,0,1,19.8,3,1,7,14.3,0,4,0,1,2,50,1,1,2,1,1,0,0,2,5.9,0,0,-11,
Marcus Derrickson,GSW,22,1,0,1,2.9,0,0,0,0,0,0,0,0,0,0,0,0,0,0,1,0,0,1,-1,0,0,1,
Marcin Gortat,LAC,34,1,1,0,15.9,10,5,6,83.3,0,0,0,0,0,0,4,4,8,0,1,0,0,3,18.6,0,0,-5,
Malik Monk,CHA,20,1,0,1,11.1,2,0,5,0,0,2,0,2,2,100,1,1,2,0,2,1,0,1,5.4,0,0,-4,
Malik Beasley,DEN,21,1,0,1,13.9,4,2,5,40,0,3,0,0,0,0,0,2,2,0,1,0,0,0,5.4,0,0,-3,
Malachi Richardson,TOR,22,1,1,0,18.8,9,3,4,75,2,3,66.7,1,1,100,0,3,3,0,5,1,0,2,10.6,0,0,9,
Luka Doncic,DAL,19,1,1,0,35.8,24,9,20,45,2,8,25,4,4,100,1,8,9,4,3,0,0,3,37.8,0,0,18,
Lou Williams,LAC,32,1,1,0,28,16,4,15,26.7,0,3,0,8,9,88.9,0,1,1,5,2,1,0,2,25.7,0,0,18,
Lorenzo Brown,TOR,28,1,1,0,21.9,10,5,9,55.6,0,3,0,0,0,0,0,1,1,2,4,3,1,4,22.2,0,0,9,
Lonzo Ball,LAL,21,1,0,1,28.2,0,0,5,0,0,3,0,0,0,0,0,5,5,4,3,2,1,4,18,0,0,-9,
LeBron James,LAL,33,1,0,1,25.9,22,8,19,42.1,3,6,50,3,4,75,0,4,4,7,3,0,1,0,37.3,0,0,-11,
Landry Shamet,PHI,21,1,1,0,23.5,5,2,6,33.3,1,4,25,0,0,0,0,2,2,0,0,1,0,3,10.4,0,0,-3,
Lance Stephenson,LAL,28,1,0,1,21.7,19,6,9,66.7,1,3,33.3,6,6,100,1,5,6,3,1,2,0,1,35.7,0,0,-2,
Kyrie Irving,BOS,26,1,0,1,30.4,20,8,16,50,1,2,50,3,5,60,2,6,8,1,1,2,0,5,36.1,0,0,-10,
Kyle O'Quinn,IND,28,1,1,0,2.5,0,0,1,0,0,0,0,0,0,0,2,1,3,0,0,0,1,1,6.6,0,0,-10,
Kyle Lowry,TOR,32,1,1,0,29.3,8,3,11,27.3,2,8,25,0,0,0,0,7,7,8,2,3,0,2,35.4,0,0,23,
Kyle Kuzma,LAL,23,1,0,1,27.2,8,3,10,30,1,4,25,1,2,50,0,6,6,0,5,0,2,2,16.2,0,0,-7,
Klay Thompson,GSW,28,1,0,1,37.8,22,9,24,37.5,2,11,18.2,2,2,100,0,3,3,4,1,2,0,3,36.6,0,0,-5,
Khem Birch,ORL,26,1,1,0,1.7,0,0,0,0,0,0,0,0,0,0,0,0,0,0,0,0,0,1,0,0,0,-2,
Kevon Looney,GSW,22,1,0,1,26.8,0,0,2,0,0,0,0,0,0,0,5,2,7,1,1,0,0,4,8.9,0,0,-15,
Kevin Huerter,ATL,20,1,0,1,29.3,5,2,9,22.2,1,4,25,0,1,0,0,3,3,3,2,1,1,2,17.1,0,0,-15,
Kevin Durant,GSW,30,1,0,1,36.7,32,11,24,45.8,0,4,0,10,11,90.9,0,4,4,3,4,0,1,4,40.3,0,0,-13,
Kentavious Caldwell-Pope,LAL,25,1,0,1,28.3,10,3,9,33.3,0,3,0,4,4,100,3,1,4,0,0,0,0,3,14.8,0,0,-6,
Kent Bazemore,ATL,29,1,0,1,30.6,13,5,14,35.7,2,4,50,1,2,50,1,4,5,4,1,4,1,3,39,0,0,16,
Kemba Walker,CHA,28,1,0,1,45.4,60,21,34,61.8,6,14,42.9,12,12,100,0,7,7,4,9,4,0,2,77.4,0,0,1,
Justin Jackson,SAC,23,1,0,1,20.9,10,3,7,42.9,2,5,40,2,2,100,0,4,4,1,0,0,0,0,16.3,0,0,-9,
Justin Holiday,CHI,29,1,0,1,31.1,12,4,10,40,3,8,37.5,1,1,100,0,4,4,1,1,1,1,0,23.3,0,0,-30,
Julius Randle,NOP,23,1,1,0,27.4,21,8,13,61.5,0,1,0,5,7,71.4,4,6,10,3,1,3,1,3,48.5,1,0,-1,
Juancho Hernangomez,DEN,23,1,0,1,35.3,20,7,12,58.3,4,6,66.7,2,2,100,3,8,11,2,4,0,1,3,35.2,1,0,-12,
Jrue Holiday,NOP,28,1,1,0,31.5,19,8,19,42.1,2,5,40,1,1,100,1,2,3,8,2,3,1,4,44.6,0,0,-1,
Josh Jackson,PHX,21,1,0,1,17.1,7,2,6,33.3,1,1,100,2,4,50,1,2,3,0,3,4,1,2,22.6,0,0,3,
Josh Hart,LAL,23,1,0,1,20.2,13,5,7,71.4,3,4,75,0,0,0,0,2,2,1,0,0,2,2,22.9,0,0,-17,
Jordan Loyd,TOR,25,1,1,0,12,8,2,2,100,2,2,100,2,2,100,0,4,4,1,0,0,0,1,14.3,0,0,6,
Jordan Bell,GSW,23,1,0,1,0.3,0,0,0,0,0,0,0,0,0,0,0,1,1,0,0,0,0,1,1.2,0,0,0,
Jonathon Simmons,ORL,29,1,1,0,26.1,12,5,10,50,0,2,0,2,3,66.7,1,4,5,6,0,0,0,2,27,0,0,9,
Jonathan Isaac,ORL,21,1,1,0,16.9,7,3,5,60,1,2,50,0,0,0,1,4,5,1,2,0,5,1,27.5,0,0,4,
Jonas Valanciunas,TOR,26,1,1,0,14,8,4,6,66.7,0,1,0,0,0,0,1,8,9,1,1,0,0,2,19.3,0,0,14,
Jonas Jerebko,GSW,31,1,0,1,25.1,5,2,7,28.6,1,4,25,0,0,0,3,7,10,4,0,0,0,4,23,0,0,-11,
John Collins,ATL,21,1,0,1,12.1,12,3,6,50,0,1,0,6,7,85.7,1,1,2,0,3,0,1,1,14.4,0,0,14,
Joel Embiid,PHI,24,1,1,0,40.1,33,9,23,39.1,2,5,40,13,14,92.9,2,9,11,3,4,1,2,5,55.7,1,0,-4,
Joe Ingles,UTA,31,1,1,0,30,7,3,6,50,1,4,25,0,0,0,0,3,3,6,3,0,0,3,16.6,0,0,8,
Joe Harris,BKN,27,1,0,1,30.4,19,7,11,63.6,2,3,66.7,3,5,60,0,1,1,4,0,1,0,3,29.2,0,0,-4,
Jimmy Butler,PHI,29,1,1,0,37.2,15,4,11,36.4,1,3,33.3,6,7,85.7,1,2,3,4,4,2,2,4,32.6,0,0,3,
Jerome Robinson,LAC,21,1,1,0,5.4,3,1,1,100,1,1,100,0,0,0,0,0,0,0,0,0,0,1,3,0,0,10,
Jerian Grant,ORL,26,1,1,0,19.2,3,1,4,25,1,3,33.3,0,0,0,1,1,2,3,1,1,0,0,11.9,0,0,2,
Jeremy Lin,ATL,30,1,0,1,24.3,16,7,11,63.6,2,3,66.7,0,0,0,0,4,4,4,4,3,0,5,31.8,0,0,6,
Jeremy Lamb,CHA,26,1,0,1,39.8,20,6,18,33.3,1,6,16.7,7,7,100,3,7,10,3,1,1,0,4,38.5,1,0,-1,
Jerami Grant,OKC,24,1,1,0,32.4,14,4,7,57.1,1,2,50,5,7,71.4,1,5,6,3,0,0,2,2,31.7,0,0,14,
Jayson Tatum,BOS,20,1,0,1,23.5,10,5,11,45.5,0,2,0,0,0,0,1,6,7,0,2,0,0,0,16.4,0,0,-13,
Jaylen Brown,BOS,22,1,0,1,24.7,3,1,9,11.1,1,6,16.7,0,0,0,2,1,3,1,0,0,0,2,8.1,0,0,-7,
Jarrett Allen,BKN,20,1,0,1,28.3,24,8,13,61.5,0,1,0,8,9,88.9,5,6,11,2,1,0,1,3,42.2,1,0,0,
Jarell Martin,ORL,24,1,1,0,1.7,2,1,1,100,0,0,0,0,0,0,0,1,1,0,0,0,0,0,3.2,0,0,-2,
Jared Dudley,BKN,33,1,0,1,25.7,5,2,2,100,1,1,100,0,0,0,0,2,2,1,0,0,0,1,8.9,0,0,4,
James Harden,HOU,29,1,1,0,34.3,34,10,17,58.8,4,10,40,10,10,100,0,4,4,8,6,3,0,3,53.8,0,0,1,
James Ennis III,HOU,28,1,1,0,27.5,6,2,4,50,0,1,0,2,2,100,0,3,3,0,0,1,1,3,15.6,0,0,6,
Jamal Murray,DEN,21,1,0,1,28.7,11,4,14,28.6,1,5,20,2,2,100,0,2,2,6,1,0,1,3,24.4,0,0,-14,
Jamal Crawford,PHX,38,1,0,1,23.6,7,2,5,40,1,3,33.3,2,2,100,0,0,0,5,1,1,0,3,16.5,0,0,2,
Jae Crowder,UTA,28,1,1,0,27.1,5,2,7,28.6,1,6,16.7,0,0,0,0,4,4,1,0,1,0,4,14.3,0,0,19,
Jabari Parker,CHI,23,1,0,1,27.3,12,5,14,35.7,2,4,50,0,0,0,1,5,6,2,3,2,0,3,25.2,0,0,-25,
JaVale McGee,LAL,30,1,0,1,15.9,11,5,7,71.4,0,0,0,1,2,50,3,1,4,0,1,0,0,1,14.8,0,0,-6,
JJ Redick,PHI,34,1,1,0,29.5,23,9,17,52.9,5,11,45.5,0,0,0,0,1,1,1,0,0,1,0,28.7,0,0,6,
J.J. Barea,DAL,34,1,1,0,20.4,13,6,9,66.7,1,2,50,0,0,0,1,2,3,3,3,0,0,2,18.1,0,0,-8,
Isaiah Hartenstein,HOU,20,1,1,0,9.8,1,0,0,0,0,0,0,1,2,50,0,2,2,2,1,1,0,1,8.4,0,0,-2,
Isaiah Canaan,PHX,27,1,0,1,24.1,8,3,6,50,2,4,50,0,0,0,0,0,0,2,0,2,0,1,17,0,0,-15,
Isaiah Briscoe,ORL,22,1,1,0,1.7,0,0,0,0,0,0,0,0,0,0,0,0,0,2,0,0,0,0,3,0,0,-2,
Iman Shumpert,SAC,28,1,0,1,21.2,3,1,5,20,1,4,25,0,0,0,2,3,5,2,1,1,0,0,14,0,0,-1,
Ian Clark,NOP,27,1,1,0,22.4,3,1,5,20,1,3,33.3,0,0,0,0,3,3,5,3,0,0,1,11.1,0,0,16,
Harry Giles III,SAC,20,1,0,1,6.9,7,3,5,60,0,0,0,1,2,50,1,0,1,1,0,2,0,0,15.7,0,0,-1,
Harrison Barnes,DAL,26,1,1,0,36.7,23,7,14,50,2,4,50,7,11,63.6,1,7,8,1,0,0,0,4,34.1,0,0,14,
Hamidou Diallo,OKC,20,1,1,0,19.2,1,0,1,0,0,0,0,1,2,50,2,2,4,1,0,0,0,0,7.3,0,0,7,
Guerschon Yabusele,BOS,22,1,0,1,9,9,2,5,40,1,2,50,4,4,100,1,1,2,0,0,2,0,1,17.4,0,0,5,
Greg Monroe,TOR,28,1,1,0,11.2,7,3,4,75,0,0,0,1,2,50,1,2,3,2,3,0,0,3,10.6,0,0,1,
Grayson Allen,UTA,23,1,1,0,2.3,0,0,2,0,0,2,0,0,0,0,0,0,0,0,0,0,0,0,0,0,0,-6,
Gordon Hayward,BOS,28,1,0,1,26.1,7,3,7,42.9,0,2,0,1,1,100,1,3,4,3,3,2,0,0,19.3,0,0,-11,
Gerald Green,HOU,32,1,1,0,13.7,17,6,10,60,5,8,62.5,0,0,0,0,1,1,0,1,0,0,2,17.2,0,0,0,
Georges Niang,UTA,25,1,1,0,7.6,1,0,3,0,0,2,0,1,2,50,0,0,0,1,0,0,0,0,2.5,0,0,-16,
Gary Harris,DEN,24,1,0,1,38.8,24,9,16,56.3,6,9,66.7,0,0,0,1,4,5,4,0,1,1,3,42,0,0,1,
Gary Clark,HOU,24,1,1,0,23.4,5,1,3,33.3,1,3,33.3,2,2,100,0,2,2,1,0,0,4,0,20.9,0,0,14,
Furkan Korkmaz,PHI,21,1,1,0,15.8,3,1,4,25,0,2,0,1,2,50,1,3,4,3,0,0,0,1,12.3,0,0,0,
Fred VanVleet,TOR,24,1,1,0,29.1,18,7,11,63.6,4,7,57.1,0,0,0,2,2,4,4,1,1,1,2,33.8,0,0,31,
Frank Mason,SAC,24,1,0,1,14.2,4,2,9,22.2,0,3,0,0,0,0,0,0,0,4,2,1,0,1,11,0,0,-3,
Frank Jackson,NOP,20,1,1,0,3.8,0,0,0,0,0,0,0,0,0,0,0,1,1,0,1,0,0,0,0.2,0,0,3,
Evan Fournier,ORL,26,1,1,0,33.5,15,6,15,40,1,8,12.5,2,3,66.7,1,4,5,4,0,0,0,4,27,0,0,8,
Eric Gordon,HOU,29,1,1,0,28.6,11,4,13,30.8,3,11,27.3,0,0,0,0,1,1,5,0,0,0,2,19.7,0,0,23,
Ekpe Udoh,UTA,31,1,1,0,2.3,0,0,0,0,0,0,0,0,0,0,0,0,0,0,0,0,0,1,0,0,0,-6,
Ed Davis,BKN,29,1,0,1,18.6,4,2,3,66.7,0,0,0,0,0,0,4,7,11,0,0,0,2,3,23.2,0,0,-8,
E'Twaun Moore,NOP,29,1,1,0,35.8,13,6,12,50,1,2,50,0,0,0,0,5,5,1,2,0,0,1,18.5,0,0,6,
Dwight Powell,DAL,27,1,1,0,17.1,7,3,6,50,0,1,0,1,1,100,2,2,4,0,0,1,0,1,14.8,0,0,-11,
Dwayne Bacon,CHA,23,1,0,1,28.6,9,4,10,40,1,3,33.3,0,0,0,0,6,6,0,0,0,0,3,16.2,0,0,8,
Dragan Bender,PHX,21,1,0,1,7.4,0,0,2,0,0,2,0,0,0,0,0,0,0,2,1,0,0,2,2,0,0,-2,
Doug McDermott,IND,26,1,1,0,25.5,4,2,8,25,0,4,0,0,0,0,0,1,1,1,0,1,0,1,9.7,0,0,5,
Dorian Finney-Smith,DAL,25,1,1,0,40.3,13,5,11,45.5,2,6,33.3,1,2,50,3,2,5,3,1,2,0,3,28.5,0,0,5,
Donovan Mitchell,UTA,22,1,1,0,36,28,10,21,47.6,5,12,41.7,3,4,75,0,3,3,6,3,3,1,2,49.6,0,0,15,
Domantas Sabonis,IND,22,1,1,0,28.5,9,4,7,57.1,0,0,0,1,1,100,4,12,16,6,1,1,1,4,42.2,0,0,9,
Dewayne Dedmon,ATL,29,1,0,1,22.7,12,4,5,80,1,2,50,3,3,100,0,7,7,1,3,0,1,3,21.9,0,0,-14,
Devin Harris,DAL,35,1,1,0,19,5,1,7,14.3,1,6,16.7,2,3,66.7,0,5,5,0,0,0,1,2,14,0,0,-13,
Devin Booker,PHX,22,1,0,1,39.2,16,5,16,31.3,3,8,37.5,3,4,75,0,4,4,12,1,0,0,5,37.8,1,0,-10,
Derrick Favors,UTA,27,1,1,0,23.6,10,4,6,66.7,0,1,0,2,6,33.3,1,7,8,1,0,1,1,1,27.1,0,0,4,
Deonte Burton,OKC,24,1,1,0,10.3,0,0,3,0,0,1,0,0,0,0,0,2,2,0,1,0,0,2,1.4,0,0,5,
Dennis Smith Jr.,DAL,20,1,1,0,27.7,14,5,12,41.7,2,5,40,2,7,28.6,0,2,2,6,0,2,1,1,34.4,0,0,11,
Dennis Schroder,OKC,25,1,1,0,36,15,6,15,40,1,3,33.3,2,2,100,1,4,5,7,5,4,0,2,38.5,0,0,9,
Delon Wright,TOR,26,1,1,0,19.2,7,3,8,37.5,1,3,33.3,0,0,0,2,2,4,4,3,2,1,1,23.8,0,0,14,
Deandre Ayton,PHX,20,1,0,1,35.6,21,10,19,52.6,0,1,0,1,2,50,1,8,9,1,2,1,0,3,34.3,0,0,3,
DeMarre Carroll,BKN,32,1,0,1,19.9,9,2,6,33.3,1,2,50,4,4,100,2,5,7,0,1,0,0,1,16.4,0,0,-14,
DeAndre' Bembry,ATL,24,1,0,1,22.7,8,3,10,30,0,3,0,2,2,100,0,4,4,2,1,1,1,1,20.8,0,0,-6,
DeAndre Jordan,DAL,30,1,1,0,30.9,13,4,5,80,0,0,0,5,6,83.3,0,10,10,0,3,1,1,2,28,1,0,15,
De'Anthony Melton,PHX,20,1,0,1,9.6,0,0,1,0,0,1,0,0,0,0,0,3,3,0,2,1,0,1,4.6,0,0,3,
De'Aaron Fox,SAC,20,1,0,1,25.5,19,8,14,57.1,2,4,50,1,1,100,0,1,1,3,3,1,0,4,24.7,0,0,-6,
Darren Collison,IND,31,1,1,0,26.3,12,4,10,40,2,3,66.7,2,2,100,1,1,2,5,1,2,0,3,26.9,0,0,6,
Darius Miller,NOP,28,1,1,0,23.2,3,1,3,33.3,1,3,33.3,0,0,0,0,0,0,0,1,0,2,2,8,0,0,3,
Dante Exum,UTA,23,1,1,0,20,10,4,8,50,1,2,50,1,2,50,1,6,7,3,2,0,0,1,20.9,0,0,-2,
Danny Green,TOR,31,1,1,0,25.9,17,7,7,100,3,3,100,0,0,0,1,3,4,3,1,1,0,2,28.3,0,0,35,
Danilo Gallinari,LAC,30,1,1,0,32.6,28,9,14,64.3,5,7,71.4,5,5,100,0,3,3,2,1,1,0,0,36.6,0,0,4,
Daniel Theis,BOS,26,1,0,1,12.4,7,3,4,75,0,0,0,1,4,25,2,0,2,0,0,0,0,4,9.4,0,0,5,
Damion Lee,GSW,26,1,0,1,18.7,13,4,8,50,3,5,60,2,2,100,0,4,4,0,0,2,0,1,23.8,0,0,18,
Damian Jones,GSW,23,1,0,1,22.1,2,1,1,100,0,0,0,0,0,0,1,6,7,1,2,1,4,3,24.9,0,0,7,
D.J. Augustin,ORL,31,1,1,0,27.1,22,7,9,77.8,3,3,100,5,5,100,0,1,1,7,2,0,0,2,31.7,0,0,9,
D'Angelo Russell,BKN,22,1,0,1,34.5,23,9,16,56.3,5,7,71.4,0,0,0,0,3,3,10,1,2,1,0,49.6,1,0,4,
Cristiano Felicio,CHI,26,1,0,1,11.2,3,1,1,100,0,0,0,1,1,100,1,1,2,1,0,0,0,0,6.9,0,0,-1,
Cory Joseph,IND,27,1,1,0,29.5,4,2,8,25,0,2,0,0,0,0,0,3,3,5,7,5,0,3,23.1,0,0,2,
Cody Zeller,CHA,26,1,0,1,35.5,10,4,8,50,0,1,0,2,2,100,1,6,7,4,0,1,0,6,27.4,0,0,14,
Clint Capela,HOU,24,1,1,0,35.1,23,11,14,78.6,0,0,0,1,3,33.3,5,11,16,1,1,1,4,1,57.7,1,0,24,
Chris Paul,HOU,33,1,1,0,32.8,24,7,9,77.8,6,8,75,4,5,80,0,4,4,9,8,1,0,4,37.3,0,0,19,
Chris Boucher,TOR,25,1,1,0,6.6,2,1,4,25,0,2,0,0,0,0,0,3,3,0,0,0,2,1,11.6,0,0,-1,
Chandler Hutchison,CHI,22,1,0,1,20.7,9,3,8,37.5,0,2,0,3,3,100,1,4,5,0,5,3,0,2,19,0,0,-14,
Cameron Payne,CHI,24,1,0,1,22.3,4,2,6,33.3,0,1,0,0,0,0,1,2,3,4,2,1,1,4,17.6,0,0,-16,
Buddy Hield,SAC,24,1,0,1,29.7,23,10,17,58.8,3,6,50,0,0,0,5,2,7,2,2,1,0,3,35.4,0,0,-23,
Brandon Ingram,LAL,21,1,0,1,33.7,17,7,13,53.8,0,2,0,3,4,75,0,6,6,7,0,0,0,1,34.7,0,0,-7,
Brad Wanamaker,BOS,29,1,0,1,9,2,1,4,25,0,1,0,0,0,0,0,1,1,1,1,1,0,0,6.7,0,0,5,
Bojan Bogdanovic,IND,29,1,1,0,28.3,22,7,12,58.3,3,5,60,5,5,100,0,4,4,0,4,0,0,2,22.8,0,0,6,
Bogdan Bogdanovic,SAC,26,1,0,1,19.9,14,6,11,54.5,2,5,40,0,0,0,0,1,1,5,0,1,0,2,25.7,0,0,-12,
Bismack Biyombo,CHA,26,1,0,1,4.8,2,1,2,50,0,0,0,0,0,0,0,0,0,0,0,0,0,2,2,0,0,-5,
Ben Simmons,PHI,22,1,1,0,39.2,23,7,13,53.8,0,0,0,9,11,81.8,1,10,11,9,4,2,0,2,51.7,1,0,1,
Aron Baynes,BOS,31,1,0,1,14.4,5,2,5,40,1,1,100,0,0,0,3,2,5,1,1,1,1,3,17.5,0,0,-4,
Antonio Blakeney,CHI,22,1,0,1,32.6,13,6,19,31.6,0,2,0,1,2,50,1,2,3,1,4,0,0,0,14.1,0,0,-30,
Anthony Davis,NOP,25,1,1,0,37.7,40,10,20,50,0,1,0,20,21,95.2,4,4,8,8,0,0,1,4,64.6,0,0,11,
Andre Iguodala,GSW,34,1,0,1,28.3,8,4,9,44.4,0,4,0,0,0,0,2,3,5,4,2,0,0,0,18,0,0,-12,
Amir Johnson,PHI,31,1,1,0,9.8,6,2,3,66.7,1,2,50,1,1,100,1,3,4,0,2,0,0,1,8.8,0,0,-1,
Allen Crabbe,BKN,26,1,0,1,29.9,15,5,11,45.5,3,6,50,2,2,100,0,4,4,1,0,0,0,3,21.3,0,0,0,
Alex Poythress,ATL,25,1,0,1,11.3,0,0,0,0,0,0,0,0,0,0,0,3,3,0,0,0,2,1,9.6,0,0,1,
Alex Len,ATL,25,1,0,1,20.4,5,1,7,14.3,0,1,0,3,4,75,2,2,4,2,0,1,0,2,15.8,0,0,6,
Alec Burks,UTA,27,1,1,0,12.5,2,1,3,33.3,0,2,0,0,0,0,0,0,0,0,2,1,0,3,3,0,0,14,
Al Horford,BOS,32,1,0,1,21.3,9,4,7,57.1,1,4,25,0,0,0,2,4,6,2,3,1,2,2,25.2,0,0,-13,
Aaron Holiday,IND,22,1,1,0,15.2,12,4,6,66.7,3,4,75,1,2,50,0,3,3,2,2,0,0,4,16.6,0,0,10,
Aaron Gordon,ORL,23,1,1,0,29.4,12,5,13,38.5,1,2,50,1,2,50,3,3,6,3,1,2,0,1,28.7,0,0,11,
