,Position,ID,Salary,PLAYER,TEAM,AGE,GP,W,L,MIN,PTS,FGM,FGA,FG%,3PM,3PA,3P%,FTM,FTA,FT%,OREB,DREB,REB,AST,TOV,STL,BLK,PF,FP,DD2,TD3,+/-
0,SF,11649680,11200,LeBron James,LAL,33,1,0,1,25.9,22,8,19,42.1,3,6,50.0,3,4,75.0,0,4,4,7,3,0,1,0,37.3,0,0,-11
1,PF,11649680,11200,LeBron James,LAL,33,1,0,1,25.9,22,8,19,42.1,3,6,50.0,3,4,75.0,0,4,4,7,3,0,1,0,37.3,0,0,-11
2,PF,11649684,11100,Anthony Davis,NOP,25,1,1,0,37.7,40,10,20,50.0,0,1,0.0,20,21,95.2,4,4,8,8,0,0,1,4,64.6,0,0,11
3,C,11649684,11100,Anthony Davis,NOP,25,1,1,0,37.7,40,10,20,50.0,0,1,0.0,20,21,95.2,4,4,8,8,0,0,1,4,64.6,0,0,11
4,PG,11649688,11000,James Harden,HOU,29,1,1,0,34.3,34,10,17,58.8,4,10,40.0,10,10,100.0,0,4,4,8,6,3,0,3,53.8,0,0,1
5,SG,11649688,11000,James Harden,HOU,29,1,1,0,34.3,34,10,17,58.8,4,10,40.0,10,10,100.0,0,4,4,8,6,3,0,3,53.8,0,0,1
6,SF,11649694,10600,Kevin Durant,GSW,30,1,0,1,36.7,32,11,24,45.8,0,4,0.0,10,11,90.9,0,4,4,3,4,0,1,4,40.3,0,0,-13
7,PF,11649694,10600,Kevin Durant,GSW,30,1,0,1,36.7,32,11,24,45.8,0,4,0.0,10,11,90.9,0,4,4,3,4,0,1,4,40.3,0,0,-13
8,SF,11649701,9900,Paul George,OKC,28,1,1,0,40.0,32,9,22,40.9,3,10,30.0,11,11,100.0,1,10,11,2,5,3,3,2,61.2,1,0,12
9,PF,11649701,9900,Paul George,OKC,28,1,1,0,40.0,32,9,22,40.9,3,10,30.0,11,11,100.0,1,10,11,2,5,3,3,2,61.2,1,0,12
10,PG,11649705,9600,Victor Oladipo,IND,26,1,1,0,4.6,2,0,1,0.0,0,0,0.0,2,2,100.0,0,2,2,1,1,0,0,0,4.9,0,0,2
11,SG,11649705,9600,Victor Oladipo,IND,26,1,1,0,4.6,2,0,1,0.0,0,0,0.0,2,2,100.0,0,2,2,1,1,0,0,0,4.9,0,0,2
12,PG,11649723,8500,Ben Simmons,PHI,22,1,1,0,39.2,23,7,13,53.8,0,0,0.0,9,11,81.8,1,10,11,9,4,2,0,2,51.7,1,0,1
13,SF,11649723,8500,Ben Simmons,PHI,22,1,1,0,39.2,23,7,13,53.8,0,0,0.0,9,11,81.8,1,10,11,9,4,2,0,2,51.7,1,0,1
14,PG,11649733,8100,Jrue Holiday,NOP,28,1,1,0,31.5,19,8,19,42.1,2,5,40.0,1,1,100.0,1,2,3,8,2,3,1,4,44.6,0,0,-1
15,SG,11649733,8100,Jrue Holiday,NOP,28,1,1,0,31.5,19,8,19,42.1,2,5,40.0,1,1,100.0,1,2,3,8,2,3,1,4,44.6,0,0,-1
16,PG,11649737,8000,Devin Booker,PHX,22,1,0,1,39.2,16,5,16,31.3,3,8,37.5,3,4,75.0,0,4,4,12,1,0,0,5,37.8,1,0,-10
17,SG,11649737,8000,Devin Booker,PHX,22,1,0,1,39.2,16,5,16,31.3,3,8,37.5,3,4,75.0,0,4,4,12,1,0,0,5,37.8,1,0,-10
18,PG,11649741,7900,Dennis Schroder,OKC,25,1,1,0,36.0,15,6,15,40.0,1,3,33.3,2,2,100.0,1,4,5,7,5,4,0,2,38.5,0,0,9
19,SG,11649741,7900,Dennis Schroder,OKC,25,1,1,0,36.0,15,6,15,40.0,1,3,33.3,2,2,100.0,1,4,5,7,5,4,0,2,38.5,0,0,9
20,SF,11649748,7700,Aaron Gordon,ORL,23,1,1,0,29.4,12,5,13,38.5,1,2,50.0,1,2,50.0,3,3,6,3,1,2,0,1,28.7,0,0,11
21,PF,11649748,7700,Aaron Gordon,ORL,23,1,1,0,29.4,12,5,13,38.5,1,2,50.0,1,2,50.0,3,3,6,3,1,2,0,1,28.7,0,0,11
22,SG,11649759,7500,Jimmy Butler,PHI,29,1,1,0,37.2,15,4,11,36.4,1,3,33.3,6,7,85.7,1,2,3,4,4,2,2,4,32.6,0,0,3
23,SF,11649759,7500,Jimmy Butler,PHI,29,1,1,0,37.2,15,4,11,36.4,1,3,33.3,6,7,85.7,1,2,3,4,4,2,2,4,32.6,0,0,3
24,SF,11649777,7100,Nikola Mirotic,NOP,27,1,1,0,33.8,20,6,12,50.0,3,7,42.9,5,5,100.0,0,10,10,2,1,0,3,2,43.0,1,0,14
25,PF,11649777,7100,Nikola Mirotic,NOP,27,1,1,0,33.8,20,6,12,50.0,3,7,42.9,5,5,100.0,0,10,10,2,1,0,3,2,43.0,1,0,14
26,PG,11649781,7000,Donovan Mitchell,UTA,22,1,1,0,36.0,28,10,21,47.6,5,12,41.7,3,4,75.0,0,3,3,6,3,3,1,2,49.6,0,0,15
27,SG,11649781,7000,Donovan Mitchell,UTA,22,1,1,0,36.0,28,10,21,47.6,5,12,41.7,3,4,75.0,0,3,3,6,3,3,1,2,49.6,0,0,15
28,PF,11649798,6500,Julius Randle,NOP,23,1,1,0,27.4,21,8,13,61.5,0,1,0.0,5,7,71.4,4,6,10,3,1,3,1,3,48.5,1,0,-1
29,C,11649798,6500,Julius Randle,NOP,23,1,1,0,27.4,21,8,13,61.5,0,1,0.0,5,7,71.4,4,6,10,3,1,3,1,3,48.5,1,0,-1
30,PF,11649802,6400,Domantas Sabonis,IND,22,1,1,0,28.5,9,4,7,57.1,0,0,0.0,1,1,100.0,4,12,16,6,1,1,1,4,42.2,0,0,9
31,C,11649802,6400,Domantas Sabonis,IND,22,1,1,0,28.5,9,4,7,57.1,0,0,0.0,1,1,100.0,4,12,16,6,1,1,1,4,42.2,0,0,9
32,PG,11649806,6300,Jamal Murray,DEN,21,1,0,1,28.7,11,4,14,28.6,1,5,20.0,2,2,100.0,0,2,2,6,1,0,1,3,24.4,0,0,-14
33,SG,11649806,6300,Jamal Murray,DEN,21,1,0,1,28.7,11,4,14,28.6,1,5,20.0,2,2,100.0,0,2,2,6,1,0,1,3,24.4,0,0,-14
34,PF,11649810,6200,Paul Millsap,DEN,33,1,0,1,21.8,7,3,8,37.5,0,3,0.0,1,3,33.3,1,0,1,3,1,0,2,3,17.7,0,0,-2
35,C,11649810,6200,Paul Millsap,DEN,33,1,0,1,21.8,7,3,8,37.5,0,3,0.0,1,3,33.3,1,0,1,3,1,0,2,3,17.7,0,0,-2
36,PF,11649817,6100,Serge Ibaka,TOR,29,1,1,0,22.8,16,6,13,46.2,0,1,0.0,4,4,100.0,0,4,4,1,2,2,4,2,38.3,0,0,24
37,C,11649817,6100,Serge Ibaka,TOR,29,1,1,0,22.8,16,6,13,46.2,0,1,0.0,4,4,100.0,0,4,4,1,2,2,4,2,38.3,0,0,24
38,PF,11649821,6100,Al Horford,BOS,32,1,0,1,21.3,9,4,7,57.1,1,4,25.0,0,0,0.0,2,4,6,2,3,1,2,2,25.2,0,0,-13
39,C,11649821,6100,Al Horford,BOS,32,1,0,1,21.3,9,4,7,57.1,1,4,25.0,0,0,0.0,2,4,6,2,3,1,2,2,25.2,0,0,-13
40,SF,11649829,6000,T.J. Warren,PHX,25,1,0,1,40.5,23,10,19,52.6,2,4,50.0,1,2,50.0,1,4,5,1,2,1,1,3,34.5,0,0,-8
41,PF,11649829,6000,T.J. Warren,PHX,25,1,0,1,40.5,23,10,19,52.6,2,4,50.0,1,2,50.0,1,4,5,1,2,1,1,3,34.5,0,0,-8
42,SF,11649843,5900,Jayson Tatum,BOS,20,1,0,1,23.5,10,5,11,45.5,0,2,0.0,0,0,0.0,1,6,7,0,2,0,0,0,16.4,0,0,-13
43,PF,11649843,5900,Jayson Tatum,BOS,20,1,0,1,23.5,10,5,11,45.5,0,2,0.0,0,0,0.0,1,6,7,0,2,0,0,0,16.4,0,0,-13
44,SG,11649847,5900,Buddy Hield,SAC,24,1,0,1,29.7,23,10,17,58.8,3,6,50.0,0,0,0.0,5,2,7,2,2,1,0,3,35.4,0,0,-23
45,SF,11649847,5900,Buddy Hield,SAC,24,1,0,1,29.7,23,10,17,58.8,3,6,50.0,0,0,0.0,5,2,7,2,2,1,0,3,35.4,0,0,-23
46,SG,11649852,5800,Brandon Ingram,LAL,21,1,0,1,33.7,17,7,13,53.8,0,2,0.0,3,4,75.0,0,6,6,7,0,0,0,1,34.7,0,0,-7
47,SF,11649852,5800,Brandon Ingram,LAL,21,1,0,1,33.7,17,7,13,53.8,0,2,0.0,3,4,75.0,0,6,6,7,0,0,0,1,34.7,0,0,-7
48,SG,11649857,5800,Joe Ingles,UTA,31,1,1,0,30.0,7,3,6,50.0,1,4,25.0,0,0,0.0,0,3,3,6,3,0,0,3,16.6,0,0,8
49,SF,11649857,5800,Joe Ingles,UTA,31,1,1,0,30.0,7,3,6,50.0,1,4,25.0,0,0,0.0,0,3,3,6,3,0,0,3,16.6,0,0,8
50,SF,11649866,5700,Jabari Parker,CHI,23,1,0,1,27.3,12,5,14,35.7,2,4,50.0,0,0,0.0,1,5,6,2,3,2,0,3,25.2,0,0,-25
51,PF,11649866,5700,Jabari Parker,CHI,23,1,0,1,27.3,12,5,14,35.7,2,4,50.0,0,0,0.0,1,5,6,2,3,2,0,3,25.2,0,0,-25
52,SG,11649870,5700,Nicolas Batum,CHA,29,1,0,1,19.0,0,0,4,0.0,0,1,0.0,0,0,0.0,1,0,1,4,1,1,1,0,12.2,0,0,-9
53,SF,11649870,5700,Nicolas Batum,CHA,29,1,0,1,19.0,0,0,4,0.0,0,1,0.0,0,0,0.0,1,0,1,4,1,1,1,0,12.2,0,0,-9
54,SF,11649879,5700,Kyle Kuzma,LAL,23,1,0,1,27.2,8,3,10,30.0,1,4,25.0,1,2,50.0,0,6,6,0,5,0,2,2,16.2,0,0,-7
55,PF,11649879,5700,Kyle Kuzma,LAL,23,1,0,1,27.2,8,3,10,30.0,1,4,25.0,1,2,50.0,0,6,6,0,5,0,2,2,16.2,0,0,-7
56,SF,11649875,5700,Marcus Morris,BOS,29,1,0,1,19.8,3,1,7,14.3,0,4,0.0,1,2,50.0,1,1,2,1,1,0,0,2,5.9,0,0,-11
57,PF,11649875,5700,Marcus Morris,BOS,29,1,0,1,19.8,3,1,7,14.3,0,4,0.0,1,2,50.0,1,1,2,1,1,0,0,2,5.9,0,0,-11
58,SF,11649862,5700,Harrison Barnes,DAL,26,1,1,0,36.7,23,7,14,50.0,2,4,50.0,7,11,63.6,1,7,8,1,0,0,0,4,34.1,0,0,14
59,PF,11649862,5700,Harrison Barnes,DAL,26,1,1,0,36.7,23,7,14,50.0,2,4,50.0,7,11,63.6,1,7,8,1,0,0,0,4,34.1,0,0,14
60,SG,11649891,5600,Evan Fournier,ORL,26,1,1,0,33.5,15,6,15,40.0,1,8,12.5,2,3,66.7,1,4,5,4,0,0,0,4,27.0,0,0,8
61,SF,11649891,5600,Evan Fournier,ORL,26,1,1,0,33.5,15,6,15,40.0,1,8,12.5,2,3,66.7,1,4,5,4,0,0,0,4,27.0,0,0,8
62,SG,11649902,5500,Kent Bazemore,ATL,29,1,0,1,30.6,13,5,14,35.7,2,4,50.0,1,2,50.0,1,4,5,4,1,4,1,3,39.0,0,0,16
63,SF,11649902,5500,Kent Bazemore,ATL,29,1,0,1,30.6,13,5,14,35.7,2,4,50.0,1,2,50.0,1,4,5,4,1,4,1,3,39.0,0,0,16
64,SG,11649907,5500,JJ Redick,PHI,34,1,1,0,29.5,23,9,17,52.9,5,11,45.5,0,0,0.0,0,1,1,1,0,0,1,0,28.7,0,0,6
65,SF,11649907,5500,JJ Redick,PHI,34,1,1,0,29.5,23,9,17,52.9,5,11,45.5,0,0,0.0,0,1,1,1,0,0,1,0,28.7,0,0,6
66,SG,11649928,5300,Gordon Hayward,BOS,28,1,0,1,26.1,7,3,7,42.9,0,2,0.0,1,1,100.0,1,3,4,3,3,2,0,0,19.3,0,0,-11
67,SF,11649928,5300,Gordon Hayward,BOS,28,1,0,1,26.1,7,3,7,42.9,0,2,0.0,1,1,100.0,1,3,4,3,3,2,0,0,19.3,0,0,-11
68,SG,11649923,5300,E'Twaun Moore,NOP,29,1,1,0,35.8,13,6,12,50.0,1,2,50.0,0,0,0.0,0,5,5,1,2,0,0,1,18.5,0,0,6
69,SF,11649923,5300,E'Twaun Moore,NOP,29,1,1,0,35.8,13,6,12,50.0,1,2,50.0,0,0,0.0,0,5,5,1,2,0,0,1,18.5,0,0,6
70,SF,11649936,5200,Nemanja Bjelica,SAC,30,1,0,1,13.8,2,1,3,33.3,0,2,0.0,0,0,0.0,0,1,1,0,0,0,0,2,3.2,0,0,-15
71,PF,11649936,5200,Nemanja Bjelica,SAC,30,1,0,1,13.8,2,1,3,33.3,0,2,0.0,0,0,0.0,0,1,1,0,0,0,0,2,3.2,0,0,-15
72,SG,11649942,5100,Jeremy Lamb,CHA,26,1,0,1,39.8,20,6,18,33.3,1,6,16.7,7,7,100.0,3,7,10,3,1,1,0,4,38.5,1,0,-1
73,SF,11649942,5100,Jeremy Lamb,CHA,26,1,0,1,39.8,20,6,18,33.3,1,6,16.7,7,7,100.0,3,7,10,3,1,1,0,4,38.5,1,0,-1
74,SG,11649947,5100,Terrence Ross,ORL,27,1,1,0,16.3,13,4,5,80.0,2,2,100.0,3,3,100.0,0,2,2,0,2,0,0,5,13.4,0,0,9
75,SF,11649947,5100,Terrence Ross,ORL,27,1,1,0,16.3,13,4,5,80.0,2,2,100.0,3,3,100.0,0,2,2,0,2,0,0,5,13.4,0,0,9
76,SG,11649952,5000,Bojan Bogdanovic,IND,29,1,1,0,28.3,22,7,12,58.3,3,5,60.0,5,5,100.0,0,4,4,0,4,0,0,2,22.8,0,0,6
77,SF,11649952,5000,Bojan Bogdanovic,IND,29,1,1,0,28.3,22,7,12,58.3,3,5,60.0,5,5,100.0,0,4,4,0,4,0,0,2,22.8,0,0,6
78,SG,11649967,4900,Eric Gordon,HOU,29,1,1,0,28.6,11,4,13,30.8,3,11,27.3,0,0,0.0,0,1,1,5,0,0,0,2,19.7,0,0,23
79,SF,11649967,4900,Eric Gordon,HOU,29,1,1,0,28.6,11,4,13,30.8,3,11,27.3,0,0,0.0,0,1,1,5,0,0,0,2,19.7,0,0,23
80,PG,11649977,4800,J.J. Barea,DAL,34,1,1,0,20.4,13,6,9,66.7,1,2,50.0,0,0,0.0,1,2,3,3,3,0,0,2,18.1,0,0,-8
81,SG,11649977,4800,J.J. Barea,DAL,34,1,1,0,20.4,13,6,9,66.7,1,2,50.0,0,0,0.0,1,2,3,3,3,0,0,2,18.1,0,0,-8
82,PF,11649981,4700,Derrick Favors,UTA,27,1,1,0,23.6,10,4,6,66.7,0,1,0.0,2,6,33.3,1,7,8,1,0,1,1,1,27.1,0,0,4
83,C,11649981,4700,Derrick Favors,UTA,27,1,1,0,23.6,10,4,6,66.7,0,1,0.0,2,6,33.3,1,7,8,1,0,1,1,1,27.1,0,0,4
84,SF,11649991,4600,Jerami Grant,OKC,24,1,1,0,32.4,14,4,7,57.1,1,2,50.0,5,7,71.4,1,5,6,3,0,0,2,2,31.7,0,0,14
85,PF,11649991,4600,Jerami Grant,OKC,24,1,1,0,32.4,14,4,7,57.1,1,2,50.0,5,7,71.4,1,5,6,3,0,0,2,2,31.7,0,0,14
86,SG,11650005,4500,Jaylen Brown,BOS,22,1,0,1,24.7,3,1,9,11.1,1,6,16.7,0,0,0.0,2,1,3,1,0,0,0,2,8.1,0,0,-7
87,SF,11650005,4500,Jaylen Brown,BOS,22,1,0,1,24.7,3,1,9,11.1,1,6,16.7,0,0,0.0,2,1,3,1,0,0,0,2,8.1,0,0,-7
88,SF,11650010,4500,Jae Crowder,UTA,28,1,1,0,27.1,5,2,7,28.6,1,6,16.7,0,0,0.0,0,4,4,1,0,1,0,4,14.3,0,0,19
89,PF,11650010,4500,Jae Crowder,UTA,28,1,1,0,27.1,5,2,7,28.6,1,6,16.7,0,0,0.0,0,4,4,1,0,1,0,4,14.3,0,0,19
90,SG,11650018,4400,Justin Holiday,CHI,29,1,0,1,31.1,12,4,10,40.0,3,8,37.5,1,1,100.0,0,4,4,1,1,1,1,0,23.3,0,0,-30
91,SF,11650018,4400,Justin Holiday,CHI,29,1,0,1,31.1,12,4,10,40.0,3,8,37.5,1,1,100.0,0,4,4,1,1,1,1,0,23.3,0,0,-30
92,SF,11650014,4400,Trey Lyles,DEN,23,1,0,1,20.3,7,3,9,33.3,1,4,25.0,0,2,0.0,1,3,4,1,2,0,0,4,11.3,0,0,-7
93,PF,11650014,4400,Trey Lyles,DEN,23,1,0,1,20.3,7,3,9,33.3,1,4,25.0,0,2,0.0,1,3,4,1,2,0,0,4,11.3,0,0,-7
94,PF,11650040,4300,Dewayne Dedmon,ATL,29,1,0,1,22.7,12,4,5,80.0,1,2,50.0,3,3,100.0,0,7,7,1,3,0,1,3,21.9,0,0,-14
95,C,11650040,4300,Dewayne Dedmon,ATL,29,1,0,1,22.7,12,4,5,80.0,1,2,50.0,3,3,100.0,0,7,7,1,3,0,1,3,21.9,0,0,-14
96,SF,11650044,4300,Thaddeus Young,IND,30,1,1,0,26.7,11,4,11,36.4,0,1,0.0,3,5,60.0,2,5,7,2,0,0,0,4,22.4,0,0,11
97,PF,11650044,4300,Thaddeus Young,IND,30,1,1,0,26.7,11,4,11,36.4,0,1,0.0,3,5,60.0,2,5,7,2,0,0,0,4,22.4,0,0,11
98,SG,11650035,4300,Bogdan Bogdanovic,SAC,26,1,0,1,19.9,14,6,11,54.5,2,5,40.0,0,0,0.0,0,1,1,5,0,1,0,2,25.7,0,0,-12
99,SF,11650035,4300,Bogdan Bogdanovic,SAC,26,1,0,1,19.9,14,6,11,54.5,2,5,40.0,0,0,0.0,0,1,1,5,0,1,0,2,25.7,0,0,-12
100,SF,11650057,4100,Juancho Hernangomez,DEN,23,1,0,1,35.3,20,7,12,58.3,4,6,66.7,2,2,100.0,3,8,11,2,4,0,1,3,35.2,1,0,-12
101,PF,11650057,4100,Juancho Hernangomez,DEN,23,1,0,1,35.3,20,7,12,58.3,4,6,66.7,2,2,100.0,3,8,11,2,4,0,1,3,35.2,1,0,-12
102,SF,11650090,4000,Marvin Williams,CHA,32,1,0,1,26.7,4,1,3,33.3,1,2,50.0,1,2,50.0,1,4,5,1,1,0,1,6,13.5,0,0,-6
103,PF,11650090,4000,Marvin Williams,CHA,32,1,0,1,26.7,4,1,3,33.3,1,2,50.0,1,2,50.0,1,4,5,1,1,0,1,6,13.5,0,0,-6
104,PG,11650083,4000,Terry Rozier,BOS,24,1,0,1,20.9,4,2,9,22.2,0,6,0.0,0,3,0.0,1,6,7,3,1,0,0,1,15.9,0,0,4
105,SG,11650083,4000,Terry Rozier,BOS,24,1,0,1,20.9,4,2,9,22.2,0,6,0.0,0,3,0.0,1,6,7,3,1,0,0,1,15.9,0,0,4
106,SG,11650066,4000,James Ennis III,HOU,28,1,1,0,27.5,6,2,4,50.0,0,1,0.0,2,2,100.0,0,3,3,0,0,1,1,3,15.6,0,0,6
107,SF,11650066,4000,James Ennis III,HOU,28,1,1,0,27.5,6,2,4,50.0,0,1,0.0,2,2,100.0,0,3,3,0,0,1,1,3,15.6,0,0,6
108,PG,11650104,3900,Fred VanVleet,TOR,24,1,1,0,29.1,18,7,11,63.6,4,7,57.1,0,0,0.0,2,2,4,4,1,1,1,2,33.8,0,0,31
109,SG,11650104,3900,Fred VanVleet,TOR,24,1,1,0,29.1,18,7,11,63.6,4,7,57.1,0,0,0.0,2,2,4,4,1,1,1,2,33.8,0,0,31
110,SG,11650112,3900,Danny Green,TOR,31,1,1,0,25.9,17,7,7,100.0,3,3,100.0,0,0,0.0,1,3,4,3,1,1,0,2,28.3,0,0,35
111,SF,11650112,3900,Danny Green,TOR,31,1,1,0,25.9,17,7,7,100.0,3,3,100.0,0,0,0.0,1,3,4,3,1,1,0,2,28.3,0,0,35
112,PG,11650108,3900,Jeremy Lin,ATL,30,1,0,1,24.3,16,7,11,63.6,2,3,66.7,0,0,0.0,0,4,4,4,4,3,0,5,31.8,0,0,6
113,SG,11650108,3900,Jeremy Lin,ATL,30,1,0,1,24.3,16,7,11,63.6,2,3,66.7,0,0,0.0,0,4,4,4,4,3,0,5,31.8,0,0,6
114,SG,11650117,3900,Tyreke Evans,IND,29,1,1,0,24.4,11,4,12,33.3,2,7,28.6,1,2,50.0,0,2,2,0,3,1,0,1,13.4,0,0,-7
115,SF,11650117,3900,Tyreke Evans,IND,29,1,1,0,24.4,11,4,12,33.3,2,7,28.6,1,2,50.0,0,2,2,0,3,1,0,1,13.4,0,0,-7
116,PG,11650131,3800,Marcus Smart,BOS,24,1,0,1,16.6,5,2,4,50.0,0,1,0.0,1,1,100.0,0,2,2,3,1,1,1,2,16.9,0,0,-13
117,SG,11650131,3800,Marcus Smart,BOS,24,1,0,1,16.6,5,2,4,50.0,0,1,0.0,1,1,100.0,0,2,2,3,1,1,1,2,16.9,0,0,-13
118,SG,11650135,3800,Andre Iguodala,GSW,34,1,0,1,28.3,8,4,9,44.4,0,4,0.0,0,0,0.0,2,3,5,4,2,0,0,0,18.0,0,0,-12
119,SF,11650135,3800,Andre Iguodala,GSW,34,1,0,1,28.3,8,4,9,44.4,0,4,0.0,0,0,0.0,2,3,5,4,2,0,0,0,18.0,0,0,-12
120,SF,11650145,3700,Wilson Chandler,PHI,31,1,1,0,14.1,2,0,2,0.0,0,2,0.0,2,2,100.0,1,4,5,0,0,0,0,1,8.0,0,0,-3
121,PF,11650145,3700,Wilson Chandler,PHI,31,1,1,0,14.1,2,0,2,0.0,0,2,0.0,2,2,100.0,1,4,5,0,0,0,0,1,8.0,0,0,-3
122,PF,11650149,3700,Kevon Looney,GSW,22,1,0,1,26.8,0,0,2,0.0,0,0,0.0,0,0,0.0,5,2,7,1,1,0,0,4,8.9,0,0,-15
123,C,11650149,3700,Kevon Looney,GSW,22,1,0,1,26.8,0,0,2,0.0,0,0,0.0,0,0,0.0,5,2,7,1,1,0,0,4,8.9,0,0,-15
124,SF,11650158,3700,Jonas Jerebko,GSW,31,1,0,1,25.1,5,2,7,28.6,1,4,25.0,0,0,0.0,3,7,10,4,0,0,0,4,23.0,0,0,-11
125,PF,11650158,3700,Jonas Jerebko,GSW,31,1,0,1,25.1,5,2,7,28.6,1,4,25.0,0,0,0.0,3,7,10,4,0,0,0,4,23.0,0,0,-11
126,PG,11650173,3600,Markelle Fultz,PHI,20,1,1,0,19.1,6,3,6,50.0,0,0,0.0,0,0,0.0,2,4,6,1,3,1,1,4,17.7,0,0,1
127,SG,11650173,3600,Markelle Fultz,PHI,20,1,1,0,19.1,6,3,6,50.0,0,0,0.0,0,0,0.0,2,4,6,1,3,1,1,4,17.7,0,0,1
128,SG,11650162,3600,Iman Shumpert,SAC,28,1,0,1,21.2,3,1,5,20.0,1,4,25.0,0,0,0.0,2,3,5,2,1,1,0,0,14.0,0,0,-1
129,SF,11650162,3600,Iman Shumpert,SAC,28,1,0,1,21.2,3,1,5,20.0,1,4,25.0,0,0,0.0,2,3,5,2,1,1,0,0,14.0,0,0,-1
130,PF,11650177,3500,Dwight Powell,DAL,27,1,1,0,17.1,7,3,6,50.0,0,1,0.0,1,1,100.0,2,2,4,0,0,1,0,1,14.8,0,0,-11
131,C,11650177,3500,Dwight Powell,DAL,27,1,1,0,17.1,7,3,6,50.0,0,1,0.0,1,1,100.0,2,2,4,0,0,1,0,1,14.8,0,0,-11
132,SF,11650189,3500,Wesley Johnson,NOP,31,1,1,0,24.4,6,2,3,66.7,2,3,66.7,0,0,0.0,1,5,6,2,0,0,0,1,16.2,0,0,-1
133,PF,11650189,3500,Wesley Johnson,NOP,31,1,1,0,24.4,6,2,3,66.7,2,3,66.7,0,0,0.0,1,5,6,2,0,0,0,1,16.2,0,0,-1
134,PF,11650220,3400,Mike Muscala,PHI,27,1,1,0,36.8,6,2,8,25.0,1,6,16.7,1,1,100.0,0,6,6,2,2,2,0,3,20.2,0,0,15
135,C,11650220,3400,Mike Muscala,PHI,27,1,1,0,36.8,6,2,8,25.0,1,6,16.7,1,1,100.0,0,6,6,2,2,2,0,3,20.2,0,0,15
136,SG,11650198,3400,Jonathon Simmons,ORL,29,1,1,0,26.1,12,5,10,50.0,0,2,0.0,2,3,66.7,1,4,5,6,0,0,0,2,27.0,0,0,9
137,SF,11650198,3400,Jonathon Simmons,ORL,29,1,1,0,26.1,12,5,10,50.0,0,2,0.0,2,3,66.7,1,4,5,6,0,0,0,2,27.0,0,0,9
138,SG,11650230,3400,Gerald Green,HOU,32,1,1,0,13.7,17,6,10,60.0,5,8,62.5,0,0,0.0,0,1,1,0,1,0,0,2,17.2,0,0,0
139,SF,11650230,3400,Gerald Green,HOU,32,1,1,0,13.7,17,6,10,60.0,5,8,62.5,0,0,0.0,0,1,1,0,1,0,0,2,17.2,0,0,0
140,PF,11650216,3400,Mason Plumlee,DEN,28,1,0,1,12.9,4,2,4,50.0,0,0,0.0,0,0,0.0,1,4,5,1,1,3,1,4,22.5,0,0,-3
141,C,11650216,3400,Mason Plumlee,DEN,28,1,0,1,12.9,4,2,4,50.0,0,0,0.0,0,0,0.0,1,4,5,1,1,3,1,4,22.5,0,0,-3
142,PG,11650241,3400,Raymond Felton,OKC,34,1,1,0,13.5,2,1,5,20.0,0,2,0.0,0,0,0.0,0,1,1,3,2,0,0,1,5.7,0,0,1
143,SG,11650241,3400,Raymond Felton,OKC,34,1,1,0,13.5,2,1,5,20.0,0,2,0.0,0,0,0.0,0,1,1,3,2,0,0,1,5.7,0,0,1
144,SG,11650251,3300,Lance Stephenson,LAL,28,1,0,1,21.7,19,6,9,66.7,1,3,33.3,6,6,100.0,1,5,6,3,1,2,0,1,35.7,0,0,-2
145,SF,11650251,3300,Lance Stephenson,LAL,28,1,0,1,21.7,19,6,9,66.7,1,3,33.3,6,6,100.0,1,5,6,3,1,2,0,1,35.7,0,0,-2
146,PG,11650261,3300,Yogi Ferrell,SAC,25,1,0,1,20.7,5,1,4,25.0,1,3,33.3,2,2,100.0,0,4,4,1,2,1,0,3,12.3,0,0,-10
147,SG,11650261,3300,Yogi Ferrell,SAC,25,1,0,1,20.7,5,1,4,25.0,1,3,33.3,2,2,100.0,0,4,4,1,2,1,0,3,12.3,0,0,-10
148,PF,11650265,3300,Richaun Holmes,PHX,25,1,0,1,12.4,4,1,1,100.0,0,0,0.0,2,4,50.0,1,4,5,0,0,0,2,2,16.0,0,0,-13
149,C,11650265,3300,Richaun Holmes,PHX,25,1,0,1,12.4,4,1,1,100.0,0,0,0.0,2,4,50.0,1,4,5,0,0,0,2,2,16.0,0,0,-13
150,PG,11650293,3200,Delon Wright,TOR,26,1,1,0,19.2,7,3,8,37.5,1,3,33.3,0,0,0.0,2,2,4,4,3,2,1,1,23.8,0,0,14
151,SG,11650293,3200,Delon Wright,TOR,26,1,1,0,19.2,7,3,8,37.5,1,3,33.3,0,0,0.0,2,2,4,4,3,2,1,1,23.8,0,0,14
152,PG,11650329,3200,Dante Exum,UTA,23,1,1,0,20.0,10,4,8,50.0,1,2,50.0,1,2,50.0,1,6,7,3,2,0,0,1,20.9,0,0,-2
153,SG,11650329,3200,Dante Exum,UTA,23,1,1,0,20.0,10,4,8,50.0,1,2,50.0,1,2,50.0,1,6,7,3,2,0,0,1,20.9,0,0,-2
154,PG,11650310,3200,Devin Harris,DAL,35,1,1,0,19.0,5,1,7,14.3,1,6,16.7,2,3,66.7,0,5,5,0,0,0,1,2,14.0,0,0,-13
155,SG,11650310,3200,Devin Harris,DAL,35,1,1,0,19.0,5,1,7,14.3,1,6,16.7,2,3,66.7,0,5,5,0,0,0,1,2,14.0,0,0,-13
156,SF,11650336,3200,Darius Miller,NOP,28,1,1,0,23.2,3,1,3,33.3,1,3,33.3,0,0,0.0,0,0,0,0,1,0,2,2,8.0,0,0,3
157,PF,11650336,3200,Darius Miller,NOP,28,1,1,0,23.2,3,1,3,33.3,1,3,33.3,0,0,0.0,0,0,0,0,1,0,2,2,8.0,0,0,3
158,PG,11650362,3100,Cameron Payne,CHI,24,1,0,1,22.3,4,2,6,33.3,0,1,0.0,0,0,0.0,1,2,3,4,2,1,1,4,17.6,0,0,-16
159,SG,11650362,3100,Cameron Payne,CHI,24,1,0,1,22.3,4,2,6,33.3,0,1,0.0,0,0,0.0,1,2,3,4,2,1,1,4,17.6,0,0,-16
160,PF,11650343,3100,Amir Johnson,PHI,31,1,1,0,9.8,6,2,3,66.7,1,2,50.0,1,1,100.0,1,3,4,0,2,0,0,1,8.8,0,0,-1
161,C,11650343,3100,Amir Johnson,PHI,31,1,1,0,9.8,6,2,3,66.7,1,2,50.0,1,1,100.0,1,3,4,0,2,0,0,1,8.8,0,0,-1
162,PG,11650366,3100,Ian Clark,NOP,27,1,1,0,22.4,3,1,5,20.0,1,3,33.3,0,0,0.0,0,3,3,5,3,0,0,1,11.1,0,0,16
163,SG,11650366,3100,Ian Clark,NOP,27,1,1,0,22.4,3,1,5,20.0,1,3,33.3,0,0,0.0,0,3,3,5,3,0,0,1,11.1,0,0,16
164,PG,11650358,3100,Jamal Crawford,PHX,38,1,0,1,23.6,7,2,5,40.0,1,3,33.3,2,2,100.0,0,0,0,5,1,1,0,3,16.5,0,0,2
165,SG,11650358,3100,Jamal Crawford,PHX,38,1,0,1,23.6,7,2,5,40.0,1,3,33.3,2,2,100.0,0,0,0,5,1,1,0,3,16.5,0,0,2
166,PF,11650400,3000,Kyle O'Quinn,IND,28,1,1,0,2.5,0,0,1,0.0,0,0,0.0,0,0,0.0,2,1,3,0,0,0,1,1,6.6,0,0,-10
167,C,11650400,3000,Kyle O'Quinn,IND,28,1,1,0,2.5,0,0,1,0.0,0,0,0.0,0,0,0.0,2,1,3,0,0,0,1,1,6.6,0,0,-10
168,SF,11650669,3000,Doug McDermott,IND,26,1,1,0,25.5,4,2,8,25.0,0,4,0.0,0,0,0.0,0,1,1,1,0,1,0,1,9.7,0,0,5
169,PF,11650669,3000,Doug McDermott,IND,26,1,1,0,25.5,4,2,8,25.0,0,4,0.0,0,0,0.0,0,1,1,1,0,1,0,1,9.7,0,0,5
170,PF,11650468,3000,Jarell Martin,ORL,24,1,1,0,1.7,2,1,1,100.0,0,0,0.0,0,0,0.0,0,1,1,0,0,0,0,0,3.2,0,0,-2
171,C,11650468,3000,Jarell Martin,ORL,24,1,1,0,1.7,2,1,1,100.0,0,0,0.0,0,0,0.0,0,1,1,0,0,0,0,0,3.2,0,0,-2
172,SF,11650486,3000,Michael Beasley,LAL,29,1,0,1,9.1,7,3,6,50.0,0,1,0.0,1,1,100.0,1,0,1,0,0,1,0,4,11.2,0,0,5
173,PF,11650486,3000,Michael Beasley,LAL,29,1,0,1,9.1,7,3,6,50.0,0,1,0.0,1,1,100.0,1,0,1,0,0,1,0,4,11.2,0,0,5
174,SG,11650496,3000,Kentavious Caldwell-Pope,LAL,25,1,0,1,28.3,10,3,9,33.3,0,3,0.0,4,4,100.0,3,1,4,0,0,0,0,3,14.8,0,0,-6
175,SF,11650496,3000,Kentavious Caldwell-Pope,LAL,25,1,0,1,28.3,10,3,9,33.3,0,3,0.0,4,4,100.0,3,1,4,0,0,0,0,3,14.8,0,0,-6
176,PG,11650533,3000,Brad Wanamaker,BOS,29,1,0,1,9.0,2,1,4,25.0,0,1,0.0,0,0,0.0,0,1,1,1,1,1,0,0,6.7,0,0,5
177,SG,11650533,3000,Brad Wanamaker,BOS,29,1,0,1,9.0,2,1,4,25.0,0,1,0.0,0,0,0.0,0,1,1,1,1,1,0,0,6.7,0,0,5
178,PF,11650554,3000,Daniel Theis,BOS,26,1,0,1,12.4,7,3,4,75.0,0,0,0.0,1,4,25.0,2,0,2,0,0,0,0,4,9.4,0,0,5
179,C,11650554,3000,Daniel Theis,BOS,26,1,0,1,12.4,7,3,4,75.0,0,0,0.0,1,4,25.0,2,0,2,0,0,0,0,4,9.4,0,0,5
180,PF,11650586,3000,Skal Labissiere,SAC,22,1,0,1,6.9,2,1,3,33.3,0,0,0.0,0,0,0.0,0,1,1,0,1,1,1,2,8.2,0,0,-1
181,C,11650586,3000,Skal Labissiere,SAC,22,1,0,1,6.9,2,1,3,33.3,0,0,0.0,0,0,0.0,0,1,1,0,1,1,1,2,8.2,0,0,-1
182,PF,11650673,3000,Marquese Chriss,HOU,21,1,1,0,3.4,2,1,2,50.0,0,1,0.0,0,0,0.0,0,0,0,0,1,0,1,1,4.0,0,0,-3
183,C,11650673,3000,Marquese Chriss,HOU,21,1,1,0,3.4,2,1,2,50.0,0,1,0.0,0,0,0.0,0,0,0,0,1,0,1,1,4.0,0,0,-3
184,PF,11650677,3000,Patrick Patterson,OKC,29,1,1,0,15.6,4,1,5,20.0,1,3,33.3,1,2,50.0,1,2,3,0,0,0,0,0,7.6,0,0,-4
185,C,11650677,3000,Patrick Patterson,OKC,29,1,1,0,15.6,4,1,5,20.0,1,3,33.3,1,2,50.0,1,2,3,0,0,0,0,0,7.6,0,0,-4
